INSERT INTO acopios (kls_leche, turno, codigo_proveedor, fecha) VALUES (10.0, 'M', 1001, '2023-04-27');
INSERT INTO acopios (kls_leche, turno, codigo_proveedor, fecha) VALUES (8.0, 'M', 1001, '2023-04-28');
INSERT INTO acopios (kls_leche, turno, codigo_proveedor, fecha) VALUES (12.0, 'M', 1001, '2023-04-29');
INSERT INTO acopios (kls_leche, turno, codigo_proveedor, fecha) VALUES (9.0, 'M', 1001, '2023-04-30');
INSERT INTO acopios (kls_leche, turno, codigo_proveedor, fecha) VALUES (11.0, 'M', 1001, '2023-05-01');
INSERT INTO acopios (kls_leche, turno, codigo_proveedor, fecha) VALUES (10.0, 'M', 1001, '2023-05-02');
INSERT INTO acopios (kls_leche, turno, codigo_proveedor, fecha) VALUES (9.0, 'M', 1001, '2023-05-03');
INSERT INTO acopios (kls_leche, turno, codigo_proveedor, fecha) VALUES (12.0, 'M', 1001, '2023-05-04');
INSERT INTO acopios (kls_leche, turno, codigo_proveedor, fecha) VALUES (8.0, 'M', 1001, '2023-05-05');
INSERT INTO acopios (kls_leche, turno, codigo_proveedor, fecha) VALUES (11.0, 'M', 1001, '2023-05-06');
INSERT INTO acopios (kls_leche, turno, codigo_proveedor, fecha) VALUES (7.0, 'T', 1001, '2023-04-27');
INSERT INTO acopios (kls_leche, turno, codigo_proveedor, fecha) VALUES (8.0, 'T', 1001, '2023-04-28');
INSERT INTO acopios (kls_leche, turno, codigo_proveedor, fecha) VALUES (11.0, 'T', 1001, '2023-04-29');
INSERT INTO acopios (kls_leche, turno, codigo_proveedor, fecha) VALUES (6.0, 'T', 1001, '2023-04-30');
INSERT INTO acopios (kls_leche, turno, codigo_proveedor, fecha) VALUES (10.0, 'T', 1001, '2023-05-01');
INSERT INTO acopios (kls_leche, turno, codigo_proveedor, fecha) VALUES (8.0, 'T', 1001, '2023-05-02');
INSERT INTO acopios (kls_leche, turno, codigo_proveedor, fecha) VALUES (9.0, 'T', 1001, '2023-05-03');
INSERT INTO acopios (kls_leche, turno, codigo_proveedor, fecha) VALUES (11.0, 'T', 1001, '2023-05-04');
INSERT INTO acopios (kls_leche, turno, codigo_proveedor, fecha) VALUES (9.0, 'T', 1001, '2023-05-05');
INSERT INTO acopios (kls_leche, turno, codigo_proveedor, fecha) VALUES (12.0, 'T', 1001, '2023-05-06');

INSERT INTO acopios (kls_leche, turno, codigo_proveedor, fecha) VALUES (6.7, 'M', 1002, '2023-04-27');
INSERT INTO acopios (kls_leche, turno, codigo_proveedor, fecha) VALUES (7.9, 'M', 1002, '2023-04-28');
INSERT INTO acopios (kls_leche, turno, codigo_proveedor, fecha) VALUES (8.3, 'M', 1002, '2023-04-29');
INSERT INTO acopios (kls_leche, turno, codigo_proveedor, fecha) VALUES (9.2, 'M', 1002, '2023-04-30');
INSERT INTO acopios (kls_leche, turno, codigo_proveedor, fecha) VALUES (10.5, 'M', 1002, '2023-05-01');
INSERT INTO acopios (kls_leche, turno, codigo_proveedor, fecha) VALUES (9.4, 'M', 1002, '2023-05-02');
INSERT INTO acopios (kls_leche, turno, codigo_proveedor, fecha) VALUES (8.7, 'M', 1002, '2023-05-03');
INSERT INTO acopios (kls_leche, turno, codigo_proveedor, fecha) VALUES (10.8, 'M', 1002, '2023-05-04');
INSERT INTO acopios (kls_leche, turno, codigo_proveedor, fecha) VALUES (11.1, 'M', 1002, '2023-05-05');
INSERT INTO acopios (kls_leche, turno, codigo_proveedor, fecha) VALUES (12.3, 'M', 1002, '2023-05-06');

INSERT INTO acopios (kls_leche, turno, codigo_proveedor, fecha) VALUES (100.0, 'T', 1003, '2023-04-27');
INSERT INTO acopios (kls_leche, turno, codigo_proveedor, fecha) VALUES (100.0, 'T', 1003, '2023-04-28');
INSERT INTO acopios (kls_leche, turno, codigo_proveedor, fecha) VALUES (100.0, 'T', 1003, '2023-04-29');
INSERT INTO acopios (kls_leche, turno, codigo_proveedor, fecha) VALUES (100.0, 'T', 1003, '2023-04-30');
INSERT INTO acopios (kls_leche, turno, codigo_proveedor, fecha) VALUES (100.0, 'T', 1003, '2023-05-01');
INSERT INTO acopios (kls_leche, turno, codigo_proveedor, fecha) VALUES (100.0, 'T', 1003, '2023-05-02');
INSERT INTO acopios (kls_leche, turno, codigo_proveedor, fecha) VALUES (100.0, 'T', 1003, '2023-05-03');
INSERT INTO acopios (kls_leche, turno, codigo_proveedor, fecha) VALUES (100.0, 'T', 1003, '2023-05-04');
INSERT INTO acopios (kls_leche, turno, codigo_proveedor, fecha) VALUES (100.0, 'T', 1003, '2023-05-05');
INSERT INTO acopios (kls_leche, turno, codigo_proveedor, fecha) VALUES (100.0, 'T', 1003, '2023-05-06');

INSERT INTO acopios (kls_leche, turno, codigo_proveedor, fecha) VALUES (13.3, 'T', 1004, '2023-05-06');
INSERT INTO acopios (kls_leche, turno, codigo_proveedor, fecha) VALUES (13.3, 'M', 1004, '2023-05-06');

INSERT INTO laboratorios(codigo_proveedor, grasas,solidos)VALUES(1001,46.0,36.0);
INSERT INTO laboratorios(codigo_proveedor, grasas,solidos)VALUES(1003,46.0,36.0);

INSERT INTO proveedores(id,categoria,nombre,retencion,codigo)VALUES(014,"A","Gaspar Catalan", "No","1001");
INSERT INTO proveedores(id,categoria,nombre,retencion,codigo)VALUES(026,"A","María Alejandra Aguilera", "No","1002");
INSERT INTO proveedores(id,categoria,nombre,retencion,codigo)VALUES(013,"A","Sergio Catalan", "No","1003");
INSERT INTO pagos(bonf_frec, codigo_proveedor, desc_var_grasa, desc_var_leche, desc_var_solidos, dias_envios,fecha, grasa, leche, monto_final, monto_retencion, nombre_proveedor, pago_categoria, pago_grasa, pago_solido, prom_leche_dia, solidos, total, var_st, var_grasa, var_leche, var_total)VALUES(0.0, 1001, 0.0, 0.0, 0.0, 0,'2022-12-31', 0.0, 0.0, 0.0, 0.0,"Gaspar Catalan", 0.0, 0.0, 0.0, 0.0, 0.0, 0.0, 0.0, 0.0, 0.0, 0.0);
INSERT INTO pagos(bonf_frec, codigo_proveedor, desc_var_grasa, desc_var_leche, desc_var_solidos, dias_envios,fecha, grasa, leche, monto_final, monto_retencion, nombre_proveedor, pago_categoria, pago_grasa, pago_solido, prom_leche_dia, solidos, total, var_st, var_grasa, var_leche, var_total)VALUES(0.0, 1003, 0.0, 0.0, 0.0, 0,'2022-12-31', 0.0, 0.0, 0.0, 0.0,"Sergio Catalan", 0.0, 0.0, 0.0, 0.0, 0.0, 0.0, 0.0, 0.0, 0.0, 0.0);
